{
    "name": "CubeGeometry.5",
    "normals": [0.577349,-0.577349,-0.577349,0.577349,-0.577349,0.577349,-0.577349,-0.577349,0.577349,-0.577349,-0.577349,-0.577349,0.577349,0.577349,-0.577349,-0.577349,0.577349,-0.577349,-0.577349,0.577349,0.577349,0.577349,0.577349,0.577349,0.707083,0,-0.707083,0.707083,0,0.707083,-0.707083,0,0.707083,-0.707083,0,-0.707083],
    "metadata": {
        "normals": 12,
        "generator": "io_three",
        "vertices": 28,
        "version": 3,
        "uvs": 1,
        "faces": 24,
        "type": "Geometry"
    },
    "vertices": [0.75,-0,-0.75,0.75,0,0.75,-0.75,0,0.75,-0.75,-0,-0.75,0.75,2.625,-0.75,0.75,2.625,0.75,-0.75,2.625,0.75,-0.75,2.625,-0.75,-0.75,3.375,0.75,-0.75,4.875,0.75,-0.75,3.375,-0.75,-0.75,4.875,-0.75,0.75,3.375,0.75,0.75,4.875,0.75,0.75,3.375,-0.75,0.75,4.875,-0.75,0.75,0.65625,-0.75,0.75,1.3125,-0.75,0.75,1.96875,-0.75,0.75,0.65625,0.75,0.75,1.3125,0.75,0.75,1.96875,0.75,-0.75,0.65625,0.75,-0.75,1.3125,0.75,-0.75,1.96875,0.75,-0.75,0.65625,-0.75,-0.75,1.3125,-0.75,-0.75,1.96875,-0.75],
    "uvs": [[0.516119,0.21189,0.65022,0.21189,0.65022,0.34599,0.516119,0.34599,0.373973,0.484114,0.373973,0.618215,0.239872,0.618215,0.239872,0.484114,0.235849,0.547141,0.235849,0.614192,0.101748,0.614192,0.101748,0.547141,0.377996,0.140816,0.377996,0.073766,0.512096,0.073766,0.512097,0.140816,0.239872,0.140816,0.239872,0.073766,0.373973,0.073766,0.373973,0.140816,0.235849,0.274917,0.235849,0.341967,0.101748,0.341967,0.101748,0.274917,0.798333,0.957378,0.649487,0.957378,0.649487,0.808531,0.798333,0.808531,0.802799,0.812997,0.951645,0.812997,0.951645,0.961843,0.802799,0.961843,0.496176,0.804066,0.496176,0.65522,0.645022,0.65522,0.645022,0.804066,0.802799,0.659685,0.951645,0.659685,0.951645,0.808531,0.802799,0.808531,0.798333,0.804066,0.649487,0.804066,0.649487,0.65522,0.798333,0.65522,0.48929,0.81335,0.638136,0.81335,0.638136,0.962196,0.48929,0.962196,0.235849,0.073766,0.235849,0.140816,0.101748,0.140816,0.101748,0.073766,0.235849,0.207867,0.101748,0.207867,0.239872,0.341967,0.239872,0.274917,0.373973,0.274917,0.373973,0.341967,0.239872,0.207867,0.373973,0.207867,0.377996,0.341967,0.377996,0.274917,0.512097,0.274917,0.512097,0.341967,0.377996,0.207867,0.512097,0.207867,0.235849,0.34599,0.235849,0.413041,0.101748,0.413041,0.101748,0.34599,0.235849,0.480091,0.101748,0.480091]],
    "faces": [41,0,1,2,3,0,1,2,3,0,1,2,3,41,4,7,6,5,4,5,6,7,4,5,6,7,41,18,4,5,21,8,9,10,11,8,4,7,9,41,21,5,6,24,12,13,14,15,9,7,6,10,41,24,6,7,27,16,17,18,19,10,6,5,11,41,16,0,3,25,20,21,22,23,8,0,3,11,41,9,11,10,8,24,25,26,27,6,5,3,2,41,11,15,14,10,28,29,30,31,5,4,0,3,41,15,13,12,14,32,33,34,35,4,7,1,0,41,13,9,8,12,36,37,38,39,7,6,2,1,41,8,10,14,12,40,41,42,43,2,3,0,1,41,13,15,11,9,44,45,46,47,7,4,5,6,41,4,18,27,7,48,49,50,51,4,8,11,5,41,18,17,26,27,49,52,53,50,8,8,11,11,41,17,16,25,26,52,20,23,53,8,8,11,11,41,2,22,25,3,54,55,56,57,2,10,11,3,41,22,23,26,25,55,58,59,56,10,10,11,11,41,23,24,27,26,58,16,19,59,10,10,11,11,41,1,19,22,2,60,61,62,63,1,9,10,2,41,19,20,23,22,61,64,65,62,9,9,10,10,41,20,21,24,23,64,12,15,65,9,9,10,10,41,0,16,19,1,66,67,68,69,0,8,9,1,41,16,17,20,19,67,70,71,68,8,8,9,9,41,17,18,21,20,70,8,11,71,8,8,9,9]
}