{
    "faces": [40,0,8,9,0,8,9,0,1,1,40,6,7,8,6,7,8,2,1,1,40,3,4,5,3,4,5,3,4,5,40,5,6,8,5,6,8,5,2,1,40,0,1,2,0,1,2,0,6,7,40,3,5,8,3,5,8,3,5,1,40,0,2,8,0,2,8,0,7,1,40,2,3,8,2,3,8,7,3,1,40,10,12,13,10,12,13,8,9,10,40,7,6,12,7,6,12,1,2,9,40,0,9,11,0,9,11,0,1,1,40,11,7,12,11,7,12,1,1,9,40,10,0,11,10,0,11,8,0,1,40,10,11,12,10,11,12,8,1,9,41,14,15,10,13,14,15,16,17,11,12,8,10,40,17,18,14,21,22,23,13,14,11,40,13,12,14,18,19,23,10,9,11,40,12,16,17,19,20,21,9,15,13,40,12,17,14,19,21,23,9,13,11,40,14,18,21,27,28,29,11,14,16,40,19,20,21,24,25,29,17,18,16,40,15,14,21,26,27,29,12,11,16,40,20,15,21,25,26,29,18,12,16,41,0,10,15,20,32,33,30,31,0,8,12,18,41,22,16,12,6,34,35,36,37,19,15,9,2,40,23,16,22,38,42,43,20,15,19,40,25,17,16,40,41,42,21,13,15,40,23,24,25,38,39,40,20,22,21,40,23,25,16,38,40,42,20,21,15,40,18,27,21,44,48,49,14,23,16,40,25,26,27,46,47,48,21,24,23,40,18,17,27,44,45,48,14,13,23,40,17,25,27,45,46,48,13,21,23,40,27,19,21,50,54,55,23,17,16,40,2,1,19,52,53,54,7,6,17,40,27,28,19,50,51,54,23,25,17,40,28,2,19,51,52,54,25,7,17,41,1,0,20,19,56,57,58,59,6,0,18,17,41,23,22,6,5,60,61,62,63,20,19,2,5,41,24,23,5,4,64,65,66,67,22,20,5,4,40,29,4,3,68,72,73,26,4,3,40,26,25,24,69,70,71,24,21,22,40,29,24,4,68,71,72,26,22,4,40,29,26,24,68,69,71,26,24,22,41,29,28,27,26,74,75,76,77,26,25,23,24,41,28,29,3,2,78,79,80,81,25,26,3,7],
    "vertices": [1.38595,-0,-1.8036,1.38595,-0,-1.10621,1.47867,-0,-1.10621,1.47867,0,1.02616,0.429603,0,1.02616,0.213785,0,1.79584,-1.37682,0,1.79584,-2.89237,0,2.89237,2.89237,0,2.89237,2.89237,-0,-2.89237,-1.23329,-0,-1.8036,-2.89237,-0,-2.89237,-1.56949,0,0.397902,-1.23329,0,0.205232,-0.646132,2.32273,0.214421,-0.486533,2.32273,-1.07773,-0.683366,3.51668,0.395443,-0.273328,3.51668,0.214421,-0.273328,2.32273,0.214421,1.03865,2.32273,-0.841649,0.992745,2.32273,-1.07773,-0.273328,2.32273,-0.629145,-0.73846,3.49177,1.23755,0.121544,3.49177,1.23755,0.284673,3.51668,0.742471,-0.273328,3.51668,0.742471,-0.131659,3.82841,0.522097,-0.084436,3.82841,-0.495346,1.09829,3.82841,-0.629145,1.09829,3.82841,0.545826],
    "name": "PlaneGeometry.3",
    "normals": [0.220954,0.943114,-0.24839,0,1,0,-0.255379,0.92938,0.266457,0.540635,0.673208,0.50444,0.489547,0.63625,0.59624,0.422926,0.678091,0.601032,0.483077,0.663808,-0.57091,0.480331,0.69628,-0.533341,-0.421674,0.794122,-0.437635,-0.606922,0.720267,-0.335917,-0.571429,0.697531,-0.432295,-0.641835,0.59212,-0.487228,-0.46324,0.734367,-0.496048,-0.70922,0.503281,-0.493606,-0.655202,0.591449,-0.469924,-0.601856,0.694418,-0.39433,-0.513291,0.690023,-0.510239,0.4391,0.671163,-0.597217,0.500961,0.717887,-0.483352,-0.51616,0.644948,0.563555,0.47206,0.638325,0.60799,-0.373943,0.791345,0.483627,0.503098,0.529923,0.682669,-0.529862,0.65276,-0.541368,-0.585467,0.637837,0.500351,0.527177,0.630146,-0.570025,0.577593,0.626484,0.523301],
    "uvs": [[0.443971,0.14605,0.379049,0.14605,0.379049,0.137477,0.180539,0.137477,0.18054,0.234478,0.108888,0.254433,0.108889,0.401508,0.033819,0.514817,0.033814,0.033585,0.518319,0.033585,0.443974,0.388236,0.518324,0.514817,0.239028,0.419323,0.256964,0.388236,0.745898,0.850237,0.625268,0.853065,0.558944,0.628226,0.745898,0.628803,0.499805,0.561202,0.533237,0.555161,0.533237,0.88743,0.493514,0.895453,0.466942,0.790131,0.49985,0.78084,0.819495,0.91526,0.797518,0.911015,0.797518,0.774235,0.917808,0.759479,0.917808,0.79395,0.839278,0.793949,0.558944,0.551121,0.558944,0.416293,0.783906,0.375979,0.783906,0.614707,0.37485,0.558623,0.453331,0.555161,0.453331,0.89036,0.323664,0.886675,0.57109,0.958615,0.558944,0.911935,0.61078,0.915304,0.613991,0.866584,0.650981,0.885762,0.650981,0.963808,0.896712,0.147553,0.905931,0.040171,0.856989,0.035753,0.880403,0.006759,0.974897,0.014339,0.974897,0.154612,0.038497,0.555161,0.148477,0.56696,0.148477,0.924388,0.140001,0.923654,0.129693,0.706331,0.006806,0.692075,0.931419,0.778622,0.993194,0.759479,0.993194,0.987318,0.972466,0.993241,0.301513,0.882125,0.221512,0.882125,0.162088,0.555161,0.310053,0.555161,0.843378,0.336572,0.796425,0.331954,0.770423,0.006759,0.843378,0.010758,0.928139,0.73435,0.814409,0.74596,0.797518,0.715846,0.849169,0.710728,0.831033,0.3856,0.928139,0.375979,0.966351,0.281878,0.856989,0.279782,0.871566,0.170681,0.966351,0.168131,0.602809,0.006759,0.711837,0.006759,0.756812,0.36246,0.558944,0.36246]],
    "metadata": {
        "generator": "io_three",
        "uvs": 1,
        "type": "Geometry",
        "vertices": 30,
        "normals": 27,
        "faces": 46,
        "version": 3
    }
}