{
    "normals": [0.577349,-0.577349,-0.577349,0.577349,-0.577349,0.577349,-0.577349,-0.577349,0.577349,-0.577349,-0.577349,-0.577349,0.577349,0.577349,-0.577349,-0.577349,0.577349,-0.577349,-0.577349,0.577349,0.577349,0.577349,0.577349,0.577349],
    "uvs": [[0.634717,0.092414,0.89797,0.092414,0.89797,0.355668,0.634717,0.355668,0.355668,0.634717,0.355668,0.89797,0.092414,0.89797,0.092414,0.634717,0.355668,0.355668,0.092414,0.355668,0.092414,0.092414,0.355668,0.092414,0.363566,0.355668,0.363566,0.092414,0.626819,0.092414,0.626819,0.355668,0.626819,0.626819,0.363566,0.626819,0.363566,0.363566,0.626819,0.363566,0.092414,0.363566,0.355668,0.363566,0.355668,0.626819,0.092414,0.626819,0.540233,0.841763,0.638755,0.841763,0.638755,0.940286,0.540233,0.940286,0.841712,0.743241,0.841712,0.841763,0.743189,0.841763,0.743189,0.743241,0.841712,0.632896,0.743189,0.632896,0.743189,0.534374,0.841712,0.534374,0.540233,0.835852,0.540233,0.73733,0.638755,0.73733,0.638755,0.835852,0.946145,0.632896,0.847623,0.632896,0.847623,0.534374,0.946145,0.534374,0.743189,0.638807,0.841712,0.638807,0.841712,0.73733,0.743189,0.73733]],
    "vertices": [1,-1e-06,-1,1,-1e-06,1,-1,-1e-06,1,-1,-1e-06,-1,1,2,-1,0.999999,2,1,-1,2,1,-1,2,-1,0.5,0.499999,-0.5,0.5,0.499999,0.5,-0.5,0.499999,0.5,-0.5,0.499999,-0.5,0.5,1.5,-0.5,0.5,1.5,0.5,-0.5,1.5,0.5,-0.5,1.5,-0.5],
    "name": "CubeGeometry",
    "faces": [41,0,1,2,3,0,1,2,3,0,1,2,3,41,4,7,6,5,4,5,6,7,4,5,6,7,41,0,4,5,1,8,9,10,11,0,4,7,1,41,1,5,6,2,12,13,14,15,1,7,6,2,41,2,6,7,3,16,17,18,19,2,6,5,3,41,4,0,3,7,20,21,22,23,4,0,3,5,41,8,9,10,11,24,25,26,27,0,1,2,3,41,12,15,14,13,28,29,30,31,4,5,6,7,41,8,12,13,9,32,33,34,35,0,4,7,1,41,9,13,14,10,36,37,38,39,1,7,6,2,41,10,14,15,11,40,41,42,43,2,6,5,3,41,12,8,11,15,44,45,46,47,4,0,3,5],
    "metadata": {
        "generator": "io_three",
        "normals": 8,
        "uvs": 1,
        "type": "Geometry",
        "vertices": 16,
        "faces": 12,
        "version": 3
    }
}