{
    "uvs": [],
    "normals": [-0.690756,0.34376,-0.636097,-0.690756,0.34376,0.636097,-0.534532,0.388256,0.750633,-0.534532,0.388256,-0.750633,0.534532,0.388256,-0.750633,0.690756,0.34376,-0.636097,0.534532,0.388256,0.750633,0.690756,0.34376,0.636097,-0.577349,-0.577349,0.577349,0.577349,-0.577349,0.577349,0.518174,-0.412976,0.748955,-0.518174,-0.412976,0.748955,0.518174,-0.412976,-0.748955,-0.518174,-0.412976,-0.748955,-0.685354,-0.361766,0.631947,-0.685354,-0.361766,-0.631947,0.685354,-0.361766,-0.631947,0.685354,-0.361766,0.631947,0.638661,0.476394,0.604236,-0.638661,0.476394,0.604236,0.638661,0.476394,-0.604236,-0.638661,0.476394,-0.604236,-0.577349,-0.577349,-0.577349,0.577349,-0.577349,-0.577349,-0.405774,0.56505,0.718345,-0.405774,0.56505,-0.718345,0.405774,0.56505,-0.718345,0.405774,0.56505,0.718345,0.735466,0.174444,0.654683,-0.735466,0.174444,0.654683,0.735466,0.174444,-0.654683,-0.735466,0.174444,-0.654683,0,1,0],
    "vertices": [-0.303898,-0.333115,0.081009,0,2.14097,-0,-0.303898,-0.333115,-0.081009,0.303898,-0.333115,0.081009,0.303898,-0.333115,-0.081009,-0.133582,-0.180515,0.035609,-0.133582,-0.180515,-0.035609,0.133582,-0.180515,-0.035609,0.133582,-0.180515,0.035609,-0.133582,0.170284,0.035609,-0.133582,0.170284,-0.035609,0.133582,0.170284,-0.035609,0.133582,0.170284,0.035609,-0.303898,0.30812,0.081009,-0.303898,0.30812,-0.081009,0.303898,0.30812,-0.081009,0.303898,0.30812,0.081009,-0.303898,-0.514025,0.081009,-0.303898,-0.514025,-0.081009,0.303898,-0.514025,0.081009,0.303898,-0.514025,-0.081009,-0.303898,0.480931,0.081009,-0.303898,0.480931,-0.081009,0.303898,0.480931,-0.081009,0.303898,0.480931,0.081009,-0.140982,0.538354,0.037581,-0.140982,0.538354,-0.037581,0.140982,0.538354,-0.037581,0.140982,0.538354,0.037581,-0.303898,1.6539,0.081009,-0.303898,1.6539,-0.081009,0.303898,1.6539,-0.081009,0.303898,1.6539,0.081009],
    "faces": [33,2,0,5,6,0,1,2,3,33,6,7,4,2,3,4,5,0,33,7,8,3,4,4,6,7,5,33,0,3,8,5,1,7,6,2,33,3,0,17,19,7,1,8,9,33,12,9,5,8,10,11,2,6,33,11,12,8,7,12,10,6,4,33,10,11,7,6,13,12,4,3,33,9,10,6,5,11,13,3,2,33,13,14,10,9,14,15,13,11,33,14,15,11,10,15,16,12,13,33,15,16,12,11,16,17,10,12,33,16,13,9,12,17,14,11,10,33,24,21,13,16,18,19,14,17,33,23,24,16,15,20,18,17,16,33,22,23,15,14,21,20,16,15,33,21,22,14,13,19,21,15,14,33,17,18,20,19,8,22,23,9,33,4,3,19,20,5,7,9,23,33,2,4,20,18,0,5,23,22,33,0,2,18,17,1,0,22,8,33,25,26,22,21,24,25,21,19,33,26,27,23,22,25,26,20,21,33,27,28,24,23,26,27,18,20,33,28,25,21,24,27,24,19,18,33,32,29,25,28,28,29,24,27,33,31,32,28,27,30,28,27,26,33,30,31,27,26,31,30,26,25,33,29,30,26,25,29,31,25,24,32,1,30,29,32,31,29,32,1,31,30,32,30,31,32,1,32,31,32,28,30,32,1,29,32,32,29,28],
    "metadata": {
        "uvs": 0,
        "type": "Geometry",
        "generator": "io_three",
        "normals": 33,
        "vertices": 33,
        "faces": 33,
        "version": 3
    },
    "name": "CubeGeometry.1"
}